Workbook

Sheet Dashboard
B2: Inventory Dashboard
B3: Auto-updates from the Inventory, Stock In and Stock Out sheets
B5: Total SKUs | D5: Total Units in Stock | F5: Total Stock Value ($) | H5: Items Needing Reorder | J5: Category | K5: Stock Value
B6: =COUNTIF(Inventory!A2:A51,"?*") -> 10 | D6: =SUM(Inventory!L2:L51) -> 1262 | F6: =SUM(Inventory!M2:M51) -> 4040.25 | H6: =COUNTIF(Inventory!N2:N51,"Reorder Now") -> 1 | J6: Office Supplies | K6: =SUMIFS(Inventory!$M:$M,Inventory!$C:$C,J6) -> 2233
J7: Electronics | K7: =SUMIFS(Inventory!$M:$M,Inventory!$C:$C,J7) -> 528.25
J8: Merchandise | K8: =SUMIFS(Inventory!$M:$M,Inventory!$C:$C,J8) -> 715
J9: Packaging | K9: =SUMIFS(Inventory!$M:$M,Inventory!$C:$C,J9) -> 564
B10: Items to reorder now: | J10: Other | K10: =SUMIFS(Inventory!$M:$M,Inventory!$C:$C,J10) -> 0
B11: Item ID | C11: Item Name | D11: Current Stock | E11: Reorder Level
B12: =IFERROR(INDEX(Inventory!$A$2:$A$51,MATCH(1,Inventory!$O$2:$O$51,0)),"") -> INV-010 | C12: =IF($B12="","",IFERROR(INDEX(Inventory!$B:$B,MATCH($B12,Inventory!$A:$A,0)),"")) -> Standing Desk Mat | D12: =IF($B12="","",IFERROR(INDEX(Inventory!$L:$L,MATCH($B12,Inventory!$A:$A,0)),"")) -> 6 | E12: =IF($B12="","",IFERROR(INDEX(Inventory!$F:$F,MATCH($B12,Inventory!$A:$A,0)),"")) -> 8
B13: =IFERROR(INDEX(Inventory!$A$2:$A$51,MATCH(2,Inventory!$O$2:$O$51,0)),"") | C13: =IF($B13="","",IFERROR(INDEX(Inventory!$B:$B,MATCH($B13,Inventory!$A:$A,0)),"")) | D13: =IF($B13="","",IFERROR(INDEX(Inventory!$L:$L,MATCH($B13,Inventory!$A:$A,0)),"")) | E13: =IF($B13="","",IFERROR(INDEX(Inventory!$F:$F,MATCH($B13,Inventory!$A:$A,0)),""))
B14: =IFERROR(INDEX(Inventory!$A$2:$A$51,MATCH(3,Inventory!$O$2:$O$51,0)),"") | C14: =IF($B14="","",IFERROR(INDEX(Inventory!$B:$B,MATCH($B14,Inventory!$A:$A,0)),"")) | D14: =IF($B14="","",IFERROR(INDEX(Inventory!$L:$L,MATCH($B14,Inventory!$A:$A,0)),"")) | E14: =IF($B14="","",IFERROR(INDEX(Inventory!$F:$F,MATCH($B14,Inventory!$A:$A,0)),""))
B15: =IFERROR(INDEX(Inventory!$A$2:$A$51,MATCH(4,Inventory!$O$2:$O$51,0)),"") | C15: =IF($B15="","",IFERROR(INDEX(Inventory!$B:$B,MATCH($B15,Inventory!$A:$A,0)),"")) | D15: =IF($B15="","",IFERROR(INDEX(Inventory!$L:$L,MATCH($B15,Inventory!$A:$A,0)),"")) | E15: =IF($B15="","",IFERROR(INDEX(Inventory!$F:$F,MATCH($B15,Inventory!$A:$A,0)),""))
B16: =IFERROR(INDEX(Inventory!$A$2:$A$51,MATCH(5,Inventory!$O$2:$O$51,0)),"") | C16: =IF($B16="","",IFERROR(INDEX(Inventory!$B:$B,MATCH($B16,Inventory!$A:$A,0)),"")) | D16: =IF($B16="","",IFERROR(INDEX(Inventory!$L:$L,MATCH($B16,Inventory!$A:$A,0)),"")) | E16: =IF($B16="","",IFERROR(INDEX(Inventory!$F:$F,MATCH($B16,Inventory!$A:$A,0)),""))
B17: =IFERROR(INDEX(Inventory!$A$2:$A$51,MATCH(6,Inventory!$O$2:$O$51,0)),"") | C17: =IF($B17="","",IFERROR(INDEX(Inventory!$B:$B,MATCH($B17,Inventory!$A:$A,0)),"")) | D17: =IF($B17="","",IFERROR(INDEX(Inventory!$L:$L,MATCH($B17,Inventory!$A:$A,0)),"")) | E17: =IF($B17="","",IFERROR(INDEX(Inventory!$F:$F,MATCH($B17,Inventory!$A:$A,0)),""))
B18: =IFERROR(INDEX(Inventory!$A$2:$A$51,MATCH(7,Inventory!$O$2:$O$51,0)),"") | C18: =IF($B18="","",IFERROR(INDEX(Inventory!$B:$B,MATCH($B18,Inventory!$A:$A,0)),"")) | D18: =IF($B18="","",IFERROR(INDEX(Inventory!$L:$L,MATCH($B18,Inventory!$A:$A,0)),"")) | E18: =IF($B18="","",IFERROR(INDEX(Inventory!$F:$F,MATCH($B18,Inventory!$A:$A,0)),""))
B19: =IFERROR(INDEX(Inventory!$A$2:$A$51,MATCH(8,Inventory!$O$2:$O$51,0)),"") | C19: =IF($B19="","",IFERROR(INDEX(Inventory!$B:$B,MATCH($B19,Inventory!$A:$A,0)),"")) | D19: =IF($B19="","",IFERROR(INDEX(Inventory!$L:$L,MATCH($B19,Inventory!$A:$A,0)),"")) | E19: =IF($B19="","",IFERROR(INDEX(Inventory!$F:$F,MATCH($B19,Inventory!$A:$A,0)),""))
B20: =IFERROR(INDEX(Inventory!$A$2:$A$51,MATCH(9,Inventory!$O$2:$O$51,0)),"") | C20: =IF($B20="","",IFERROR(INDEX(Inventory!$B:$B,MATCH($B20,Inventory!$A:$A,0)),"")) | D20: =IF($B20="","",IFERROR(INDEX(Inventory!$L:$L,MATCH($B20,Inventory!$A:$A,0)),"")) | E20: =IF($B20="","",IFERROR(INDEX(Inventory!$F:$F,MATCH($B20,Inventory!$A:$A,0)),""))
B21: =IFERROR(INDEX(Inventory!$A$2:$A$51,MATCH(10,Inventory!$O$2:$O$51,0)),"") | C21: =IF($B21="","",IFERROR(INDEX(Inventory!$B:$B,MATCH($B21,Inventory!$A:$A,0)),"")) | D21: =IF($B21="","",IFERROR(INDEX(Inventory!$L:$L,MATCH($B21,Inventory!$A:$A,0)),"")) | E21: =IF($B21="","",IFERROR(INDEX(Inventory!$F:$F,MATCH($B21,Inventory!$A:$A,0)),""))

Sheet Inventory
A1: Item ID | B1: Item Name | C1: Category | D1: Unit | E1: Opening Stock | F1: Reorder Level | G1: Unit Cost ($) | H1: Unit Price ($) | I1: Supplier | J1: Stock In (Total) | K1: Stock Out (Total) | L1: Current Stock | M1: Stock Value ($) | N1: Status | O1: Reorder Rank
A2: INV-001 | B2: A4 Copy Paper (Ream) | C2: Office Supplies | D2: ream | E2: 120 | F2: 40 | G2: 3.5 | H2: 6 | I2: PaperCo Ltd | J2: =SUMIFS('Stock In'!$D:$D,'Stock In'!$B:$B,A2) -> 200 | K2: =SUMIFS('Stock Out'!$D:$D,'Stock Out'!$B:$B,A2) -> 45 | L2: =E2+J2-K2 -> 275 | M2: =L2*G2 -> 962.5 | N2: =IF(L2<=F2,"Reorder Now","OK") -> OK | O2: =IF(N2="Reorder Now",COUNTIF($N$2:N2,"Reorder Now"),"")
A3: INV-002 | B3: Ballpoint Pens (Box of 12) | C3: Office Supplies | D3: box | E3: 60 | F3: 20 | G3: 2.1 | H3: 4.5 | I3: PaperCo Ltd | J3: =SUMIFS('Stock In'!$D:$D,'Stock In'!$B:$B,A3) -> 0 | K3: =SUMIFS('Stock Out'!$D:$D,'Stock Out'!$B:$B,A3) -> 15 | L3: =E3+J3-K3 -> 45 | M3: =L3*G3 -> 94.5 | N3: =IF(L3<=F3,"Reorder Now","OK") -> OK | O3: =IF(N3="Reorder Now",COUNTIF($N$2:N3,"Reorder Now"),"")
A4: INV-003 | B4: Wireless Mouse | C4: Electronics | D4: unit | E4: 35 | F4: 15 | G4: 8.75 | H4: 15.99 | I4: TechDirect | J4: =SUMIFS('Stock In'!$D:$D,'Stock In'!$B:$B,A4) -> 20 | K4: =SUMIFS('Stock Out'!$D:$D,'Stock Out'!$B:$B,A4) -> 12 | L4: =E4+J4-K4 -> 43 | M4: =L4*G4 -> 376.25 | N4: =IF(L4<=F4,"Reorder Now","OK") -> OK | O4: =IF(N4="Reorder Now",COUNTIF($N$2:N4,"Reorder Now"),"")
A5: INV-004 | B5: USB-C Cable 1m | C5: Electronics | D5: unit | E5: 80 | F5: 30 | G5: 1.9 | H5: 4.99 | I5: TechDirect | J5: =SUMIFS('Stock In'!$D:$D,'Stock In'!$B:$B,A5) -> 0 | K5: =SUMIFS('Stock Out'!$D:$D,'Stock Out'!$B:$B,A5) -> 0 | L5: =E5+J5-K5 -> 80 | M5: =L5*G5 -> 152 | N5: =IF(L5<=F5,"Reorder Now","OK") -> OK | O5: =IF(N5="Reorder Now",COUNTIF($N$2:N5,"Reorder Now"),"")
A6: INV-005 | B6: Stainless Steel Bottle 750ml | C6: Merchandise | D6: unit | E6: 50 | F6: 20 | G6: 4.2 | H6: 12 | I6: PromoGoods Inc | J6: =SUMIFS('Stock In'!$D:$D,'Stock In'!$B:$B,A6) -> 30 | K6: =SUMIFS('Stock Out'!$D:$D,'Stock Out'!$B:$B,A6) -> 0 | L6: =E6+J6-K6 -> 80 | M6: =L6*G6 -> 336 | N6: =IF(L6<=F6,"Reorder Now","OK") -> OK | O6: =IF(N6="Reorder Now",COUNTIF($N$2:N6,"Reorder Now"),"")
A7: INV-006 | B7: Cotton T-Shirt (M) | C7: Merchandise | D7: unit | E7: 100 | F7: 25 | G7: 3.1 | H7: 9.99 | I7: PromoGoods Inc | J7: =SUMIFS('Stock In'!$D:$D,'Stock In'!$B:$B,A7) -> 0 | K7: =SUMIFS('Stock Out'!$D:$D,'Stock Out'!$B:$B,A7) -> 0 | L7: =E7+J7-K7 -> 100 | M7: =L7*G7 -> 310 | N7: =IF(L7<=F7,"Reorder Now","OK") -> OK | O7: =IF(N7="Reorder Now",COUNTIF($N$2:N7,"Reorder Now"),"")
A8: INV-007 | B8: Printer Toner Cartridge | C8: Office Supplies | D8: unit | E8: 18 | F8: 10 | G8: 42 | H8: 65 | I8: PaperCo Ltd | J8: =SUMIFS('Stock In'!$D:$D,'Stock In'!$B:$B,A8) -> 10 | K8: =SUMIFS('Stock Out'!$D:$D,'Stock Out'!$B:$B,A8) -> 0 | L8: =E8+J8-K8 -> 28 | M8: =L8*G8 -> 1176 | N8: =IF(L8<=F8,"Reorder Now","OK") -> OK | O8: =IF(N8="Reorder Now",COUNTIF($N$2:N8,"Reorder Now"),"")
A9: INV-008 | B9: Cardboard Shipping Box (M) | C9: Packaging | D9: unit | E9: 300 | F9: 100 | G9: 0.55 | H9: 1.2 | I9: PackRight Co | J9: =SUMIFS('Stock In'!$D:$D,'Stock In'!$B:$B,A9) -> 500 | K9: =SUMIFS('Stock Out'!$D:$D,'Stock Out'!$B:$B,A9) -> 220 | L9: =E9+J9-K9 -> 580 | M9: =L9*G9 -> 319 | N9: =IF(L9<=F9,"Reorder Now","OK") -> OK | O9: =IF(N9="Reorder Now",COUNTIF($N$2:N9,"Reorder Now"),"")
A10: INV-009 | B10: Bubble Wrap Roll 50m | C10: Packaging | D10: roll | E10: 25 | F10: 10 | G10: 9.8 | H10: 18 | I10: PackRight Co | J10: =SUMIFS('Stock In'!$D:$D,'Stock In'!$B:$B,A10) -> 0 | K10: =SUMIFS('Stock Out'!$D:$D,'Stock Out'!$B:$B,A10) -> 0 | L10: =E10+J10-K10 -> 25 | M10: =L10*G10 -> 245 | N10: =IF(L10<=F10,"Reorder Now","OK") -> OK | O10: =IF(N10="Reorder Now",COUNTIF($N$2:N10,"Reorder Now"),"")
A11: INV-010 | B11: Standing Desk Mat | C11: Merchandise | D11: unit | E11: 15 | F11: 8 | G11: 11.5 | H11: 24.99 | I11: PromoGoods Inc | J11: =SUMIFS('Stock In'!$D:$D,'Stock In'!$B:$B,A11) -> 0 | K11: =SUMIFS('Stock Out'!$D:$D,'Stock Out'!$B:$B,A11) -> 9 | L11: =E11+J11-K11 -> 6 | M11: =L11*G11 -> 69 | N11: =IF(L11<=F11,"Reorder Now","OK") -> Reorder Now | O11: =IF(N11="Reorder Now",COUNTIF($N$2:N11,"Reorder Now"),"") -> 1
J12: =IF(A12="","",SUMIFS('Stock In'!$D:$D,'Stock In'!$B:$B,A12)) | K12: =IF(A12="","",SUMIFS('Stock Out'!$D:$D,'Stock Out'!$B:$B,A12)) | L12: =IF(A12="","",E12+J12-K12) | M12: =IF(A12="","",L12*G12) | N12: =IF(A12="","",IF(L12<=F12,"Reorder Now","OK")) | O12: =IF(N12="Reorder Now",COUNTIF($N$2:N12,"Reorder Now"),"")
J13: =IF(A13="","",SUMIFS('Stock In'!$D:$D,'Stock In'!$B:$B,A13)) | K13: =IF(A13="","",SUMIFS('Stock Out'!$D:$D,'Stock Out'!$B:$B,A13)) | L13: =IF(A13="","",E13+J13-K13) | M13: =IF(A13="","",L13*G13) | N13: =IF(A13="","",IF(L13<=F13,"Reorder Now","OK")) | O13: =IF(N13="Reorder Now",COUNTIF($N$2:N13,"Reorder Now"),"")
J14: =IF(A14="","",SUMIFS('Stock In'!$D:$D,'Stock In'!$B:$B,A14)) | K14: =IF(A14="","",SUMIFS('Stock Out'!$D:$D,'Stock Out'!$B:$B,A14)) | L14: =IF(A14="","",E14+J14-K14) | M14: =IF(A14="","",L14*G14) | N14: =IF(A14="","",IF(L14<=F14,"Reorder Now","OK")) | O14: =IF(N14="Reorder Now",COUNTIF($N$2:N14,"Reorder Now"),"")
J15: =IF(A15="","",SUMIFS('Stock In'!$D:$D,'Stock In'!$B:$B,A15)) | K15: =IF(A15="","",SUMIFS('Stock Out'!$D:$D,'Stock Out'!$B:$B,A15)) | L15: =IF(A15="","",E15+J15-K15) | M15: =IF(A15="","",L15*G15) | N15: =IF(A15="","",IF(L15<=F15,"Reorder Now","OK")) | O15: =IF(N15="Reorder Now",COUNTIF($N$2:N15,"Reorder Now"),"")
J16: =IF(A16="","",SUMIFS('Stock In'!$D:$D,'Stock In'!$B:$B,A16)) | K16: =IF(A16="","",SUMIFS('Stock Out'!$D:$D,'Stock Out'!$B:$B,A16)) | L16: =IF(A16="","",E16+J16-K16) | M16: =IF(A16="","",L16*G16) | N16: =IF(A16="","",IF(L16<=F16,"Reorder Now","OK")) | O16: =IF(N16="Reorder Now",COUNTIF($N$2:N16,"Reorder Now"),"")
J17: =IF(A17="","",SUMIFS('Stock In'!$D:$D,'Stock In'!$B:$B,A17)) | K17: =IF(A17="","",SUMIFS('Stock Out'!$D:$D,'Stock Out'!$B:$B,A17)) | L17: =IF(A17="","",E17+J17-K17) | M17: =IF(A17="","",L17*G17) | N17: =IF(A17="","",IF(L17<=F17,"Reorder Now","OK")) | O17: =IF(N17="Reorder Now",COUNTIF($N$2:N17,"Reorder Now"),"")
J18: =IF(A18="","",SUMIFS('Stock In'!$D:$D,'Stock In'!$B:$B,A18)) | K18: =IF(A18="","",SUMIFS('Stock Out'!$D:$D,'Stock Out'!$B:$B,A18)) | L18: =IF(A18="","",E18+J18-K18) | M18: =IF(A18="","",L18*G18) | N18: =IF(A18="","",IF(L18<=F18,"Reorder Now","OK")) | O18: =IF(N18="Reorder Now",COUNTIF($N$2:N18,"Reorder Now"),"")
J19: =IF(A19="","",SUMIFS('Stock In'!$D:$D,'Stock In'!$B:$B,A19)) | K19: =IF(A19="","",SUMIFS('Stock Out'!$D:$D,'Stock Out'!$B:$B,A19)) | L19: =IF(A19="","",E19+J19-K19) | M19: =IF(A19="","",L19*G19) | N19: =IF(A19="","",IF(L19<=F19,"Reorder Now","OK")) | O19: =IF(N19="Reorder Now",COUNTIF($N$2:N19,"Reorder Now"),"")
J20: =IF(A20="","",SUMIFS('Stock In'!$D:$D,'Stock In'!$B:$B,A20)) | K20: =IF(A20="","",SUMIFS('Stock Out'!$D:$D,'Stock Out'!$B:$B,A20)) | L20: =IF(A20="","",E20+J20-K20) | M20: =IF(A20="","",L20*G20) | N20: =IF(A20="","",IF(L20<=F20,"Reorder Now","OK")) | O20: =IF(N20="Reorder Now",COUNTIF($N$2:N20,"Reorder Now"),"")
J21: =IF(A21="","",SUMIFS('Stock In'!$D:$D,'Stock In'!$B:$B,A21)) | K21: =IF(A21="","",SUMIFS('Stock Out'!$D:$D,'Stock Out'!$B:$B,A21)) | L21: =IF(A21="","",E21+J21-K21) | M21: =IF(A21="","",L21*G21) | N21: =IF(A21="","",IF(L21<=F21,"Reorder Now","OK")) | O21: =IF(N21="Reorder Now",COUNTIF($N$2:N21,"Reorder Now"),"")
J22: =IF(A22="","",SUMIFS('Stock In'!$D:$D,'Stock In'!$B:$B,A22)) | K22: =IF(A22="","",SUMIFS('Stock Out'!$D:$D,'Stock Out'!$B:$B,A22)) | L22: =IF(A22="","",E22+J22-K22) | M22: =IF(A22="","",L22*G22) | N22: =IF(A22="","",IF(L22<=F22,"Reorder Now","OK")) | O22: =IF(N22="Reorder Now",COUNTIF($N$2:N22,"Reorder Now"),"")
J23: =IF(A23="","",SUMIFS('Stock In'!$D:$D,'Stock In'!$B:$B,A23)) | K23: =IF(A23="","",SUMIFS('Stock Out'!$D:$D,'Stock Out'!$B:$B,A23)) | L23: =IF(A23="","",E23+J23-K23) | M23: =IF(A23="","",L23*G23) | N23: =IF(A23="","",IF(L23<=F23,"Reorder Now","OK")) | O23: =IF(N23="Reorder Now",COUNTIF($N$2:N23,"Reorder Now"),"")
... J51: =IF(A51="","",SUMIFS('Stock In'!$D:$D,'Stock In'!$B:$B,A51)) | K51: =IF(A51="","",SUMIFS('Stock Out'!$D:$D,'Stock Out'!$B:$B,A51)) | L51: =IF(A51="","",E51+J51-K51) | M51: =IF(A51="","",L51*G51) | N51: =IF(A51="","",IF(L51<=F51,"Reorder Now","OK")) | O51: =IF(N51="Reorder Now",COUNTIF($N$2:N51,"Reorder Now"),"")

Sheet Stock In
A1: Date | B1: Item ID | C1: Item Name | D1: Qty In | E1: Unit Cost ($) | F1: Total Cost ($) | G1: Supplier | H1: Notes
A2: 2026-07-02 | B2: INV-001 | C2: =IFERROR(INDEX(Inventory!$B:$B,MATCH(B2,Inventory!$A:$A,0)),"") -> A4 Copy Paper (Ream) | D2: 200 | E2: =IFERROR(INDEX(Inventory!$G:$G,MATCH(B2,Inventory!$A:$A,0)),"") -> 3.5 | F2: =IFERROR(D2*E2,"") -> 700 | G2: PaperCo Ltd | H2: Monthly restock
A3: 2026-07-05 | B3: INV-003 | C3: =IFERROR(INDEX(Inventory!$B:$B,MATCH(B3,Inventory!$A:$A,0)),"") -> Wireless Mouse | D3: 20 | E3: =IFERROR(INDEX(Inventory!$G:$G,MATCH(B3,Inventory!$A:$A,0)),"") -> 8.75 | F3: =IFERROR(D3*E3,"") -> 175 | G3: TechDirect
A4: 2026-07-10 | B4: INV-007 | C4: =IFERROR(INDEX(Inventory!$B:$B,MATCH(B4,Inventory!$A:$A,0)),"") -> Printer Toner Cartridge | D4: 10 | E4: =IFERROR(INDEX(Inventory!$G:$G,MATCH(B4,Inventory!$A:$A,0)),"") -> 42 | F4: =IFERROR(D4*E4,"") -> 420 | G4: PaperCo Ltd
A5: 2026-07-14 | B5: INV-008 | C5: =IFERROR(INDEX(Inventory!$B:$B,MATCH(B5,Inventory!$A:$A,0)),"") -> Cardboard Shipping Box (M) | D5: 500 | E5: =IFERROR(INDEX(Inventory!$G:$G,MATCH(B5,Inventory!$A:$A,0)),"") -> 0.55 | F5: =IFERROR(D5*E5,"") -> 275 | G5: PackRight Co | H5: Bulk order
A6: 2026-08-01 | B6: INV-005 | C6: =IFERROR(INDEX(Inventory!$B:$B,MATCH(B6,Inventory!$A:$A,0)),"") -> Stainless Steel Bottle 750ml | D6: 30 | E6: =IFERROR(INDEX(Inventory!$G:$G,MATCH(B6,Inventory!$A:$A,0)),"") -> 4.2 | F6: =IFERROR(D6*E6,"") -> 126 | G6: PromoGoods Inc
C7: =IF(B7="","",IFERROR(INDEX(Inventory!$B:$B,MATCH(B7,Inventory!$A:$A,0)),"Unknown ID")) | E7: =IF(B7="","",IFERROR(INDEX(Inventory!$G:$G,MATCH(B7,Inventory!$A:$A,0)),"")) | F7: =IF(B7="","",IFERROR(D7*E7,""))
C8: =IF(B8="","",IFERROR(INDEX(Inventory!$B:$B,MATCH(B8,Inventory!$A:$A,0)),"Unknown ID")) | E8: =IF(B8="","",IFERROR(INDEX(Inventory!$G:$G,MATCH(B8,Inventory!$A:$A,0)),"")) | F8: =IF(B8="","",IFERROR(D8*E8,""))
C9: =IF(B9="","",IFERROR(INDEX(Inventory!$B:$B,MATCH(B9,Inventory!$A:$A,0)),"Unknown ID")) | E9: =IF(B9="","",IFERROR(INDEX(Inventory!$G:$G,MATCH(B9,Inventory!$A:$A,0)),"")) | F9: =IF(B9="","",IFERROR(D9*E9,""))
C10: =IF(B10="","",IFERROR(INDEX(Inventory!$B:$B,MATCH(B10,Inventory!$A:$A,0)),"Unknown ID")) | E10: =IF(B10="","",IFERROR(INDEX(Inventory!$G:$G,MATCH(B10,Inventory!$A:$A,0)),"")) | F10: =IF(B10="","",IFERROR(D10*E10,""))
C11: =IF(B11="","",IFERROR(INDEX(Inventory!$B:$B,MATCH(B11,Inventory!$A:$A,0)),"Unknown ID")) | E11: =IF(B11="","",IFERROR(INDEX(Inventory!$G:$G,MATCH(B11,Inventory!$A:$A,0)),"")) | F11: =IF(B11="","",IFERROR(D11*E11,""))
C12: =IF(B12="","",IFERROR(INDEX(Inventory!$B:$B,MATCH(B12,Inventory!$A:$A,0)),"Unknown ID")) | E12: =IF(B12="","",IFERROR(INDEX(Inventory!$G:$G,MATCH(B12,Inventory!$A:$A,0)),"")) | F12: =IF(B12="","",IFERROR(D12*E12,""))
C13: =IF(B13="","",IFERROR(INDEX(Inventory!$B:$B,MATCH(B13,Inventory!$A:$A,0)),"Unknown ID")) | E13: =IF(B13="","",IFERROR(INDEX(Inventory!$G:$G,MATCH(B13,Inventory!$A:$A,0)),"")) | F13: =IF(B13="","",IFERROR(D13*E13,""))
C14: =IF(B14="","",IFERROR(INDEX(Inventory!$B:$B,MATCH(B14,Inventory!$A:$A,0)),"Unknown ID")) | E14: =IF(B14="","",IFERROR(INDEX(Inventory!$G:$G,MATCH(B14,Inventory!$A:$A,0)),"")) | F14: =IF(B14="","",IFERROR(D14*E14,""))
C15: =IF(B15="","",IFERROR(INDEX(Inventory!$B:$B,MATCH(B15,Inventory!$A:$A,0)),"Unknown ID")) | E15: =IF(B15="","",IFERROR(INDEX(Inventory!$G:$G,MATCH(B15,Inventory!$A:$A,0)),"")) | F15: =IF(B15="","",IFERROR(D15*E15,""))
C16: =IF(B16="","",IFERROR(INDEX(Inventory!$B:$B,MATCH(B16,Inventory!$A:$A,0)),"Unknown ID")) | E16: =IF(B16="","",IFERROR(INDEX(Inventory!$G:$G,MATCH(B16,Inventory!$A:$A,0)),"")) | F16: =IF(B16="","",IFERROR(D16*E16,""))
C17: =IF(B17="","",IFERROR(INDEX(Inventory!$B:$B,MATCH(B17,Inventory!$A:$A,0)),"Unknown ID")) | E17: =IF(B17="","",IFERROR(INDEX(Inventory!$G:$G,MATCH(B17,Inventory!$A:$A,0)),"")) | F17: =IF(B17="","",IFERROR(D17*E17,""))
C18: =IF(B18="","",IFERROR(INDEX(Inventory!$B:$B,MATCH(B18,Inventory!$A:$A,0)),"Unknown ID")) | E18: =IF(B18="","",IFERROR(INDEX(Inventory!$G:$G,MATCH(B18,Inventory!$A:$A,0)),"")) | F18: =IF(B18="","",IFERROR(D18*E18,""))
... C101: =IF(B101="","",IFERROR(INDEX(Inventory!$B:$B,MATCH(B101,Inventory!$A:$A,0)),"Unknown ID")) | E101: =IF(B101="","",IFERROR(INDEX(Inventory!$G:$G,MATCH(B101,Inventory!$A:$A,0)),"")) | F101: =IF(B101="","",IFERROR(D101*E101,""))

Sheet Stock Out
A1: Date | B1: Item ID | C1: Item Name | D1: Qty Out | E1: Unit Price ($) | F1: Total Value ($) | G1: Issued To / Customer | H1: Notes
A2: 2026-07-03 | B2: INV-001 | C2: =IFERROR(INDEX(Inventory!$B:$B,MATCH(B2,Inventory!$A:$A,0)),"") -> A4 Copy Paper (Ream) | D2: 45 | E2: =IFERROR(INDEX(Inventory!$H:$H,MATCH(B2,Inventory!$A:$A,0)),"") -> 6 | F2: =IFERROR(D2*E2,"") -> 270 | G2: Ops Team
A3: 2026-07-08 | B3: INV-003 | C3: =IFERROR(INDEX(Inventory!$B:$B,MATCH(B3,Inventory!$A:$A,0)),"") -> Wireless Mouse | D3: 12 | E3: =IFERROR(INDEX(Inventory!$H:$H,MATCH(B3,Inventory!$A:$A,0)),"") -> 15.99 | F3: =IFERROR(D3*E3,"") -> 191.88 | G3: Sales Dept
A4: 2026-07-15 | B4: INV-008 | C4: =IFERROR(INDEX(Inventory!$B:$B,MATCH(B4,Inventory!$A:$A,0)),"") -> Cardboard Shipping Box (M) | D4: 220 | E4: =IFERROR(INDEX(Inventory!$H:$H,MATCH(B4,Inventory!$A:$A,0)),"") -> 1.2 | F4: =IFERROR(D4*E4,"") -> 264 | G4: Fulfillment | H4: Weekly shipments
A5: 2026-07-20 | B5: INV-002 | C5: =IFERROR(INDEX(Inventory!$B:$B,MATCH(B5,Inventory!$A:$A,0)),"") -> Ballpoint Pens (Box of 12) | D5: 15 | E5: =IFERROR(INDEX(Inventory!$H:$H,MATCH(B5,Inventory!$A:$A,0)),"") -> 4.5 | F5: =IFERROR(D5*E5,"") -> 67.5 | G5: Front Desk
A6: 2026-08-05 | B6: INV-010 | C6: =IFERROR(INDEX(Inventory!$B:$B,MATCH(B6,Inventory!$A:$A,0)),"") -> Standing Desk Mat | D6: 9 | E6: =IFERROR(INDEX(Inventory!$H:$H,MATCH(B6,Inventory!$A:$A,0)),"") -> 24.99 | F6: =IFERROR(D6*E6,"") -> 224.91 | G6: HR | H6: New hire kits
C7: =IF(B7="","",IFERROR(INDEX(Inventory!$B:$B,MATCH(B7,Inventory!$A:$A,0)),"Unknown ID")) | E7: =IF(B7="","",IFERROR(INDEX(Inventory!$H:$H,MATCH(B7,Inventory!$A:$A,0)),"")) | F7: =IF(B7="","",IFERROR(D7*E7,""))
C8: =IF(B8="","",IFERROR(INDEX(Inventory!$B:$B,MATCH(B8,Inventory!$A:$A,0)),"Unknown ID")) | E8: =IF(B8="","",IFERROR(INDEX(Inventory!$H:$H,MATCH(B8,Inventory!$A:$A,0)),"")) | F8: =IF(B8="","",IFERROR(D8*E8,""))
C9: =IF(B9="","",IFERROR(INDEX(Inventory!$B:$B,MATCH(B9,Inventory!$A:$A,0)),"Unknown ID")) | E9: =IF(B9="","",IFERROR(INDEX(Inventory!$H:$H,MATCH(B9,Inventory!$A:$A,0)),"")) | F9: =IF(B9="","",IFERROR(D9*E9,""))
C10: =IF(B10="","",IFERROR(INDEX(Inventory!$B:$B,MATCH(B10,Inventory!$A:$A,0)),"Unknown ID")) | E10: =IF(B10="","",IFERROR(INDEX(Inventory!$H:$H,MATCH(B10,Inventory!$A:$A,0)),"")) | F10: =IF(B10="","",IFERROR(D10*E10,""))
C11: =IF(B11="","",IFERROR(INDEX(Inventory!$B:$B,MATCH(B11,Inventory!$A:$A,0)),"Unknown ID")) | E11: =IF(B11="","",IFERROR(INDEX(Inventory!$H:$H,MATCH(B11,Inventory!$A:$A,0)),"")) | F11: =IF(B11="","",IFERROR(D11*E11,""))
C12: =IF(B12="","",IFERROR(INDEX(Inventory!$B:$B,MATCH(B12,Inventory!$A:$A,0)),"Unknown ID")) | E12: =IF(B12="","",IFERROR(INDEX(Inventory!$H:$H,MATCH(B12,Inventory!$A:$A,0)),"")) | F12: =IF(B12="","",IFERROR(D12*E12,""))
C13: =IF(B13="","",IFERROR(INDEX(Inventory!$B:$B,MATCH(B13,Inventory!$A:$A,0)),"Unknown ID")) | E13: =IF(B13="","",IFERROR(INDEX(Inventory!$H:$H,MATCH(B13,Inventory!$A:$A,0)),"")) | F13: =IF(B13="","",IFERROR(D13*E13,""))
C14: =IF(B14="","",IFERROR(INDEX(Inventory!$B:$B,MATCH(B14,Inventory!$A:$A,0)),"Unknown ID")) | E14: =IF(B14="","",IFERROR(INDEX(Inventory!$H:$H,MATCH(B14,Inventory!$A:$A,0)),"")) | F14: =IF(B14="","",IFERROR(D14*E14,""))
C15: =IF(B15="","",IFERROR(INDEX(Inventory!$B:$B,MATCH(B15,Inventory!$A:$A,0)),"Unknown ID")) | E15: =IF(B15="","",IFERROR(INDEX(Inventory!$H:$H,MATCH(B15,Inventory!$A:$A,0)),"")) | F15: =IF(B15="","",IFERROR(D15*E15,""))
C16: =IF(B16="","",IFERROR(INDEX(Inventory!$B:$B,MATCH(B16,Inventory!$A:$A,0)),"Unknown ID")) | E16: =IF(B16="","",IFERROR(INDEX(Inventory!$H:$H,MATCH(B16,Inventory!$A:$A,0)),"")) | F16: =IF(B16="","",IFERROR(D16*E16,""))
C17: =IF(B17="","",IFERROR(INDEX(Inventory!$B:$B,MATCH(B17,Inventory!$A:$A,0)),"Unknown ID")) | E17: =IF(B17="","",IFERROR(INDEX(Inventory!$H:$H,MATCH(B17,Inventory!$A:$A,0)),"")) | F17: =IF(B17="","",IFERROR(D17*E17,""))
C18: =IF(B18="","",IFERROR(INDEX(Inventory!$B:$B,MATCH(B18,Inventory!$A:$A,0)),"Unknown ID")) | E18: =IF(B18="","",IFERROR(INDEX(Inventory!$H:$H,MATCH(B18,Inventory!$A:$A,0)),"")) | F18: =IF(B18="","",IFERROR(D18*E18,""))
... C101: =IF(B101="","",IFERROR(INDEX(Inventory!$B:$B,MATCH(B101,Inventory!$A:$A,0)),"Unknown ID")) | E101: =IF(B101="","",IFERROR(INDEX(Inventory!$H:$H,MATCH(B101,Inventory!$A:$A,0)),"")) | F101: =IF(B101="","",IFERROR(D101*E101,""))
